,f1_val,auc_val,f1_test,auc_test
ecfp4,0.7375886524822695,0.8351007423117709,0.8028169014084507,0.892613933996857
ap,0.762589928057554,0.884588193708024,0.8091603053435115,0.9210756067749258
tt,0.7218045112781954,0.8398727465535525,0.75,0.8899947616553169
rdkit,0.7428571428571429,0.8451749734888653,0.7692307692307693,0.9057097957045575
maccs,0.7074829931972789,0.8408448214916933,0.7801418439716312,0.8739305046272045
