,f1_val,auc_val,f1_test,auc_test
ecfp4,0.5536723163841808,0.7830168227540757,0.48314606741573035,0.7101063829787234
ap,0.6010362694300518,0.7937695109261187,0.5685279187817259,0.7604667124227865
tt,0.5317919075144508,0.7704431148109607,0.5084745762711864,0.7299245024021963
rdkit,0.6210526315789474,0.7900190773499827,0.5230769230769231,0.7574210706932053
maccs,0.5909090909090909,0.8202393340270551,0.5269461077844312,0.8079744337680166
