,f1_val,auc_val,f1_test,auc_test
ecfp4,0.22950819672131148,0.6951067419851809,0.36363636363636365,0.68286464191976
ap,0.3448275862068966,0.7710366077323748,0.3953488372093023,0.8404199475065617
tt,0.22535211267605634,0.6533636563715062,0.3888888888888889,0.7384326959130109
rdkit,0.18518518518518517,0.7961264764140562,0.24561403508771928,0.8059617547806525
maccs,0.14545454545454545,0.8255263737069916,0.2857142857142857,0.8723284589426321
