,f1_val,auc_val,f1_test,auc_test
ecfp4,0.4864864864864865,0.8014290308841042,0.44,0.7772282426075269
ap,0.39285714285714285,0.7844614622358597,0.4424778761061947,0.7780157930107526
tt,0.4484304932735426,0.7718939874655565,0.43776824034334766,0.7662331639224911
rdkit,0.4730290456431535,0.804900776231496,0.4315352697095436,0.8202914986559139
maccs,0.3711340206185567,0.799262015072625,0.3005181347150259,0.7933336483534946
