,f1_val,auc_val,f1_test,auc_test
ecfp4,0.6274509803921569,0.6338235294117647,0.7044025157232704,0.7495103799451625
ap,0.6530612244897959,0.6509803921568629,0.6711409395973155,0.7061300430865647
tt,0.7074829931972789,0.6798039215686276,0.7757575757575758,0.7719349784567175
rdkit,0.6962025316455697,0.6974509803921569,0.6797385620915033,0.7658636897767332
maccs,0.6575342465753424,0.6562745098039215,0.6575342465753424,0.7228750489620055
