,f1_val,auc_val,f1_test,auc_test
ecfp4,0.48,0.7810218978102189,0.35294117647058826,0.8546781685467817
ap,0.4,0.7823490378234904,0.0,0.6887856668878567
tt,0.125,0.7140013271400133,0.13333333333333333,0.7319177173191771
rdkit,0.125,0.7869940278699402,0.3157894736842105,0.7365627073656271
maccs,0.4444444444444444,0.9422694094226941,0.35294117647058826,0.9336429993364301
