,f1_val,auc_val,f1_test,auc_test
ecfp4,0.8944099378881988,0.8485576923076923,0.9535603715170279,0.9650774572649573
ap,0.9102564102564102,0.8644497863247863,0.9467084639498433,0.9472489316239316
tt,0.901840490797546,0.8498931623931625,0.9529780564263323,0.9778311965811965
rdkit,0.9118541033434651,0.8633814102564102,0.9717868338557993,0.9875801282051282
maccs,0.9135802469135802,0.8637820512820513,0.9589905362776026,0.9640758547008547
