,f1_val,auc_val,f1_test,auc_test
ecfp4,0.48,0.774386197743862,0.3157894736842105,0.8327803583278035
ap,0.4444444444444444,0.7836761778367618,0.0,0.6728599867285999
tt,0.38461538461538464,0.7597876575978765,0.1,0.73457199734572
rdkit,0.2,0.7982747179827472,0.19047619047619047,0.7166556071665561
maccs,0.5,0.9309887193098872,0.4444444444444444,0.9396151293961512
