,f1_val,auc_val,f1_test,auc_test
ecfp4,0.7313432835820896,0.8464121597737716,0.7482014388489209,0.8707874978173564
ap,0.7552447552447552,0.8686815129020855,0.803030303030303,0.9151388161341016
tt,0.7769784172661871,0.864616472251679,0.7596899224806202,0.8735812816483325
rdkit,0.7785234899328859,0.8476493460586779,0.7862068965517242,0.894709271870089
maccs,0.7671232876712328,0.8500353481795687,0.8029197080291971,0.8863279203771608
