,f1_val,auc_val,f1_test,auc_test
ecfp4,0.4444444444444444,0.7914605843032605,0.4250871080139373,0.7739931605622759
ap,0.44534412955465585,0.7702180923654632,0.4453125,0.8037091873879927
tt,0.4426877470355731,0.7690524412610936,0.4344262295081967,0.7613398507504481
rdkit,0.4372093023255814,0.8081343497648705,0.4266666666666667,0.8247315328181003
maccs,0.35135135135135137,0.7734803508253436,0.36936936936936937,0.7869457395273296
