,f1_val,auc_val,f1_test,auc_test
ecfp4,0.5425531914893617,0.7754942767950053,0.5297297297297298,0.6914893617021276
ap,0.6203208556149733,0.7934876864377385,0.5245901639344263,0.7406485929993137
tt,0.541871921182266,0.7527748872702046,0.5288461538461539,0.7392973575840769
rdkit,0.6270270270270271,0.7959157127991675,0.5524861878453039,0.7491420727522305
maccs,0.5747126436781609,0.797216441207076,0.5423728813559322,0.772928105696637
