,f1_val,auc_val,f1_test,auc_test
ecfp4,0.8952380952380953,0.8551682692307693,0.9567901234567902,0.9686164529914529
ap,0.9113149847094801,0.857905982905983,0.9444444444444444,0.9497195512820513
tt,0.9034267912772586,0.8457532051282051,0.9396825396825397,0.9573985042735043
rdkit,0.8974358974358975,0.8648504273504274,0.9743589743589743,0.9788995726495727
maccs,0.8910256410256411,0.8535657051282052,0.9354838709677419,0.9503205128205128
