,f1_val,auc_val,f1_test,auc_test
ecfp4,0.24242424242424243,0.6801775364976892,0.417910447761194,0.6752343457067866
ap,0.2972972972972973,0.7182525126549776,0.3142857142857143,0.8524184476940382
tt,0.17647058823529413,0.6566099332404078,0.3013698630136986,0.7239407574053244
rdkit,0.22535211267605634,0.7942190594967353,0.34285714285714286,0.8047994000749906
maccs,0.24561403508771928,0.8275438339080038,0.36065573770491804,0.8501687289088864
