,f1_val,auc_val,f1_test,auc_test
ecfp4,0.6103896103896104,0.6268627450980392,0.6918238993710691,0.7548962005483745
ap,0.6363636363636364,0.654607843137255,0.7088607594936709,0.7138660399529965
tt,0.6944444444444444,0.675686274509804,0.7272727272727273,0.7276733254994123
rdkit,0.7159090909090909,0.6655882352941176,0.7023809523809523,0.7713474343909127
maccs,0.6225165562913907,0.6735294117647058,0.697986577181208,0.7493145319232275
